title,label,pred_LinearSVC,pred_LogisticRegression,pred_RandomForest
Elon Musk sáp nhập xAI vào SpaceX,MARKET SIGNALS,MARKET SIGNALS,MARKET SIGNALS,MARKET SIGNALS
Kỹ sư Gen Z Việt gọi vốn một triệu USD cho startup AI ở Đức,SOLUTIONS & USE CASES,MARKET SIGNALS,MARKET SIGNALS,MARKET SIGNALS
Những dấu mốc trong ba năm của ngành bán dẫn Việt Nam,MARKET SIGNALS,MARKET SIGNALS,MARKET SIGNALS,MARKET SIGNALS
Blue Origin dừng hoạt động du lịch vũ trụ,NOISE,MARKET SIGNALS,MARKET SIGNALS,MARKET SIGNALS
SpaceX xin phóng một triệu vệ tinh làm trung tâm dữ liệu AI,MARKET SIGNALS,MARKET SIGNALS,MARKET SIGNALS,MARKET SIGNALS
CEO Nvidia lên tiếng về tin đồn bất hòa với OpenAI,MARKET SIGNALS,MARKET SIGNALS,MARKET SIGNALS,MARKET SIGNALS
Việt Nam nới lỏng nhập khẩu thiết bị bán dẫn qua sử dụng,MARKET SIGNALS,MARKET SIGNALS,MARKET SIGNALS,MARKET SIGNALS
Sếp Anthropic 'dùng 100% AI' để viết mã,MARKET SIGNALS,MARKET SIGNALS,MARKET SIGNALS,MARKET SIGNALS
Vai trò của triết học trong thời đại AI và chuyển đổi số,MARKET SIGNALS,MARKET SIGNALS,MARKET SIGNALS,MARKET SIGNALS
Mark Zuckerberg: Khó hình dung tương lai thiếu kính AI,MARKET SIGNALS,MARKET SIGNALS,MARKET SIGNALS,MARKET SIGNALS
CEO Anthropic: 'AI có thể gây gián đoạn đau đớn trên thị trường việc làm',MARKET SIGNALS,MARKET SIGNALS,MARKET SIGNALS,MARKET SIGNALS
Trung Quốc muốn xây trung tâm dữ liệu AI ngoài vũ trụ,MARKET SIGNALS,MARKET SIGNALS,MARKET SIGNALS,MARKET SIGNALS
FPT hợp tác Viettel và các đối tác trong sản xuất chip,MARKET SIGNALS,MARKET SIGNALS,MARKET SIGNALS,MARKET SIGNALS
Cựu kỹ sư Google tuồn bí mật AI sang Trung Quốc,MARKET SIGNALS,MARKET SIGNALS,MARKET SIGNALS,MARKET SIGNALS
Elon Musk có thể sáp nhập SpaceX vào xAI hoặc Tesla,MARKET SIGNALS,MARKET SIGNALS,MARKET SIGNALS,MARKET SIGNALS
Loạt laptop AI dùng AMD Ryzen AI 400 series mới từ Asus,SOLUTIONS & USE CASES,NOISE,MARKET SIGNALS,MARKET SIGNALS
'Chưa có nhà khoa học Việt Nam ứng cử tổng công trình sư',MARKET SIGNALS,MARKET SIGNALS,MARKET SIGNALS,MARKET SIGNALS
'Startup hơn doanh nghiệp lớn ở chỗ được phép sai',NOISE,NOISE,MARKET SIGNALS,MARKET SIGNALS
Musk chuyển nhà máy sản xuất hai mẫu xe Tesla sang robot Optimus,MARKET SIGNALS,MARKET SIGNALS,MARKET SIGNALS,MARKET SIGNALS
Xu hướng 'công nghiệp hóa' của tội phạm mạng năm 2026,MARKET SIGNALS,MARKET SIGNALS,MARKET SIGNALS,MARKET SIGNALS
Huawei FreeClip 2 - cải tiến thiết kế và âm thanh,NOISE,MARKET SIGNALS,MARKET SIGNALS,MARKET SIGNALS
'Kỳ lân công nghệ' hết hiếm,MARKET SIGNALS,MARKET SIGNALS,MARKET SIGNALS,MARKET SIGNALS
'Khoa học công nghệ chỉ đi vào đời sống khi doanh nghiệp tạo ra sản phẩm mới',MARKET SIGNALS,MARKET SIGNALS,MARKET SIGNALS,MARKET SIGNALS
Công ty Trung Quốc muốn đưa robot hình người lên vũ trụ,MARKET SIGNALS,MARKET SIGNALS,MARKET SIGNALS,MARKET SIGNALS
FPT mở nhà máy kiểm thử và đóng gói tiên tiến chip bán dẫn,MARKET SIGNALS,MARKET SIGNALS,MARKET SIGNALS,MARKET SIGNALS
Bên trong kế hoạch 'lột xác' Siri của Apple,MARKET SIGNALS,MARKET SIGNALS,MARKET SIGNALS,MARKET SIGNALS
Cách “cứu” một bức ảnh chụp bị lóa sáng nhờ Chống Lóa AI trên OPPO,SOLUTIONS & USE CASES,SOLUTIONS & USE CASES,SOLUTIONS & USE CASES,MARKET SIGNALS
Đấu Trường Chân Lý Esports mùa 16: Đại chiến APAC - Trung Quốc trở lại ở cúp Bilgewater,NOISE,MARKET SIGNALS,MARKET SIGNALS,MARKET SIGNALS
CellphoneS được Apple ủy quyền ABM/ASM: Giải pháp quản lý thiết bị Apple chuyên nghiệp cho doanh nghiệp,NOISE,SOLUTIONS & USE CASES,SOLUTIONS & USE CASES,MARKET SIGNALS
Tổng hợp các kiểu cầm chuột cơ bản không phải ai cũng biết,NOISE,SOLUTIONS & USE CASES,SOLUTIONS & USE CASES,MARKET SIGNALS
Baseband là gì? Cách khắc phục lỗi iPhone bị mất Baseband,NOISE,SOLUTIONS & USE CASES,SOLUTIONS & USE CASES,MARKET SIGNALS
Đảng Cộng sản Việt Nam và 96 năm dẫn dắt dân tộc trên con đường độc lập – phát triển,NOISE,MARKET SIGNALS,MARKET SIGNALS,MARKET SIGNALS
Gia Lai đăng cai năm Du lịch quốc gia 2026 với 244 sự kiện hút khách,NOISE,NOISE,MARKET SIGNALS,MARKET SIGNALS
Kích hoạt “cơ chế chuyển tiếp” cứu điểm nghẽn nhập khẩu thực phẩm,NOISE,MARKET SIGNALS,MARKET SIGNALS,MARKET SIGNALS
Mỹ điều EA-18G Growler áp sát Iran: Kịch bản trấn áp phòng không đang được kích hoạt?,NOISE,MARKET SIGNALS,MARKET SIGNALS,MARKET SIGNALS
"Báo quân đội Trung Quốc kêu gọi ""loại bỏ chướng ngại"", xây dựng lực lượng hùng mạnh",NOISE,MARKET SIGNALS,MARKET SIGNALS,MARKET SIGNALS
Châu Âu kêu gọi noi theo chiến lược in 3D công nghiệp của Trung Quốc,NOISE,MARKET SIGNALS,MARKET SIGNALS,MARKET SIGNALS
Mỗi giây nhà máy robot của Xiaomi sản xuất ra một chiếc điện thoại,MARKET SIGNALS,MARKET SIGNALS,MARKET SIGNALS,MARKET SIGNALS
Tin nóng công nghệ 2/2: Trung Quốc đạt đột phá công nghệ làm mát bằng muối,SOLUTIONS & USE CASES,MARKET SIGNALS,MARKET SIGNALS,MARKET SIGNALS
Chàng trai 21 tuổi tuyên bố “lập quốc” giữa lòng châu Âu gây tranh cãi,NOISE,MARKET SIGNALS,MARKET SIGNALS,MARKET SIGNALS
"Đào tạo 20.000 nhân lực AI thực chiến: Vingroup tuyển ai, đào tạo thế nào?",MARKET SIGNALS,MARKET SIGNALS,MARKET SIGNALS,MARKET SIGNALS
Trung Quốc ra mắt robot mô phỏng sinh học đầu tiên trên thế giới,SOLUTIONS & USE CASES,MARKET SIGNALS,MARKET SIGNALS,MARKET SIGNALS
"Dấu hiệu đừng bỏ qua khi giới trẻ ""dính"" loại ma túy có tên gọi mĩ miều",NOISE,NOISE,MARKET SIGNALS,MARKET SIGNALS
"Trung Quốc điều dàn vũ khí ""khủng"" tới Scarborough: Tàu Type 055 và oanh tạc cơ H-6 mạnh cỡ nào?",NOISE,MARKET SIGNALS,MARKET SIGNALS,MARKET SIGNALS
"Trung Quốc: Xuân vận 2026 dự kiến có 9,5 tỷ lượt người di chuyển, lập kỷ lục lịch sử",NOISE,MARKET SIGNALS,MARKET SIGNALS,MARKET SIGNALS
"Mở rộng đường ven Hồ Tây, giá nhà đất khu vực này đang thế nào?",NOISE,NOISE,NOISE,MARKET SIGNALS
Tin nóng công nghệ 1/2: Đài Loan chế tạo thành công máy tính lượng tử siêu dẫn,MARKET SIGNALS,MARKET SIGNALS,MARKET SIGNALS,MARKET SIGNALS
"Robot AI nấu ăn, phục vụ ""hoàn toàn tự động"" tại nhà hàng mới khai trương ở Trung Quốc",SOLUTIONS & USE CASES,MARKET SIGNALS,MARKET SIGNALS,MARKET SIGNALS
"Những chi tiết bất ngờ trong ""20 ngày lịch sử"" của bà Melania Trump",NOISE,MARKET SIGNALS,MARKET SIGNALS,MARKET SIGNALS
Gemini lên Google Maps: Trợ lý di chuyển thông minh hay cỗ máy thu thập dữ liệu khổng lồ?,MARKET SIGNALS,MARKET SIGNALS,MARKET SIGNALS,MARKET SIGNALS
Nền tảng vận hành bắt đầu phát huy tại Masan Consumer,NOISE,MARKET SIGNALS,MARKET SIGNALS,MARKET SIGNALS
"Nghệ sĩ Lệ Thủy chuẩn bị ra mắt sách hồi ký, con trai stress nặng vì quá nhiều tư liệu",NOISE,NOISE,MARKET SIGNALS,MARKET SIGNALS
"Tin tức sáng 3-2: Khai mạc phiên họp 54 của UB Thường vụ Quốc hội, xem xét 2 nghị quyết quan trọng",NOISE,MARKET SIGNALS,MARKET SIGNALS,MARKET SIGNALS
Có tới 244 sự kiện trong Năm Du lịch quốc gia - Gia Lai 2026,NOISE,NOISE,MARKET SIGNALS,MARKET SIGNALS
Uống trà lá bồ đề có giúp ngăn tái phát nhồi máu cơ tim?,NOISE,NOISE,MARKET SIGNALS,MARKET SIGNALS
Khi Tết 'chạm' vào không gian trường học cùng con trẻ,NOISE,NOISE,NOISE,MARKET SIGNALS
Sở Xây dựng lên tiếng về đề xuất dừng chỉnh trang chợ Bến Thành và hồ Con Rùa,NOISE,NOISE,MARKET SIGNALS,MARKET SIGNALS
Bí quyết chọn điều hòa bảo vệ sức khỏe giữa ô nhiễm không khí,SOLUTIONS & USE CASES,MARKET SIGNALS,MARKET SIGNALS,MARKET SIGNALS
Trung Quốc đón tin vui trong cuộc đua chip,MARKET SIGNALS,MARKET SIGNALS,MARKET SIGNALS,MARKET SIGNALS
"Robot Trung Quốc 'ngất xỉu', bị 3 người khiêng khỏi sân khấu",MARKET SIGNALS,MARKET SIGNALS,MARKET SIGNALS,MARKET SIGNALS
Cục CSGT cảnh báo tin giả 'phạt 5 triệu vì quay video',NOISE,MARKET SIGNALS,MARKET SIGNALS,MARKET SIGNALS
CTO Tiki bất ngờ trước sự trưởng thành của cloud ‘made in Vietnam’,MARKET SIGNALS,MARKET SIGNALS,MARKET SIGNALS,MARKET SIGNALS
CEO Nvidia nói về mối quan hệ với OpenAI,MARKET SIGNALS,MARKET SIGNALS,MARKET SIGNALS,MARKET SIGNALS
Những ai xuất hiện trong 'bữa tối nghìn tỷ' của CEO Nvidia?,MARKET SIGNALS,MARKET SIGNALS,MARKET SIGNALS,MARKET SIGNALS
Hồi kết của GPT-4o,MARKET SIGNALS,MARKET SIGNALS,MARKET SIGNALS,MARKET SIGNALS
"Chiều lòng người dùng Trung Quốc, Apple tích hợp AI của Alibaba vào iPhone",MARKET SIGNALS,MARKET SIGNALS,MARKET SIGNALS,MARKET SIGNALS
Điện thoại giá rẻ sẽ được trang bị thêm nhiều tính năng AI,MARKET SIGNALS,MARKET SIGNALS,MARKET SIGNALS,MARKET SIGNALS
Đồ công nghệ giảm giá cả triệu đồng dịp Lễ Tình nhân,NOISE,NOISE,NOISE,MARKET SIGNALS
Apple ra mắt Powerbeats Pro 2 - Tai nghe không dây có tính năng đo nhịp tim,MARKET SIGNALS,NOISE,NOISE,NOISE
Tin vui cho người khai thác tiền ảo Pi Network,NOISE,NOISE,NOISE,NOISE
"CEO OpenAI bình luận mỉa mai khi Elon Musk muốn mua công ty giá 97,4 tỷ USD",MARKET SIGNALS,MARKET SIGNALS,MARKET SIGNALS,MARKET SIGNALS
Công cụ DeepSeek và những thách thức đối với doanh nghiệp công nghệ Việt,MARKET SIGNALS,MARKET SIGNALS,MARKET SIGNALS,MARKET SIGNALS
"Điểm tuần: iPhone giá rẻ chuẩn bị lên kệ, OpenAI ra mắt công cụ AI mới",MARKET SIGNALS,MARKET SIGNALS,MARKET SIGNALS,MARKET SIGNALS
Công ty Trung Quốc ra mắt AI tạo video giả mạo giống hệt như thật,MARKET SIGNALS,MARKET SIGNALS,MARKET SIGNALS,MARKET SIGNALS
Galaxy S25 Ultra giảm giá sâu dù chưa tới tay người dùng,NOISE,NOISE,NOISE,NOISE
"Thêm một quốc gia đưa DeepSeek vào ""danh sách đen"" vì lo ngại an toàn",MARKET SIGNALS,MARKET SIGNALS,MARKET SIGNALS,MARKET SIGNALS
Danh tính tin tặc 22 tuổi lấy cắp 48 triệu USD từ sàn tiền điện tử Việt,NOISE,NOISE,NOISE,NOISE
"Chiến thắng của Trung Quốc trong cuộc đua AI và nỗi sợ ""con dao hai lưỡi""",MARKET SIGNALS,MARKET SIGNALS,MARKET SIGNALS,MARKET SIGNALS
CEO OpenAI sẽ không kiện DeepSeek của Trung Quốc,MARKET SIGNALS,MARKET SIGNALS,MARKET SIGNALS,MARKET SIGNALS
"Bất chấp các lo ngại, DeepSeek trở thành chatbot AI phổ biến thứ 2 thế giới",MARKET SIGNALS,MARKET SIGNALS,MARKET SIGNALS,MARKET SIGNALS
"Hai tuần sau ra mắt, tiền số trò đùa liên quan Tổng thống Trump còn lại gì?",NOISE,NOISE,NOISE,NOISE
OpenAI ra mắt công cụ có thể hoạt động như nhà nghiên cứu,MARKET SIGNALS,MARKET SIGNALS,MARKET SIGNALS,MARKET SIGNALS
"Apple, Microsoft và những phản ứng khó ngờ với công cụ AI DeepSeek",MARKET SIGNALS,MARKET SIGNALS,MARKET SIGNALS,MARKET SIGNALS
Nỗi đau dai dẳng của Mark Zuckerberg,MARKET SIGNALS,MARKET SIGNALS,MARKET SIGNALS,MARKET SIGNALS
Tiết lộ mới về iPhone màn hình gập,NOISE,NOISE,NOISE,NOISE
Tổng thống Trump gặp CEO Nvidia tại Nhà Trắng: Tìm cách kìm hãm DeepSeek?,MARKET SIGNALS,MARKET SIGNALS,MARKET SIGNALS,MARKET SIGNALS
Nâng cấp laptop AI: Sự lựa chọn đáng cân nhắc cho năm mới hiện đại,NOISE,NOISE,MARKET SIGNALS,NOISE
Toàn cảnh bức tranh DeepSeek làm thức tỉnh những gã khổng lồ công nghệ,MARKET SIGNALS,MARKET SIGNALS,MARKET SIGNALS,MARKET SIGNALS
Mỹ và nhiều quốc gia phương Tây lo ngại về tính an toàn của DeepSeek,MARKET SIGNALS,MARKET SIGNALS,MARKET SIGNALS,MARKET SIGNALS
Alibaba ra mắt AI đánh bại ChatGPT và DeepSeek,MARKET SIGNALS,MARKET SIGNALS,MARKET SIGNALS,MARKET SIGNALS
Hướng dẫn dùng DTchat tra cứu mức phạt vi phạm giao thông,SOLUTIONS & USE CASES,SOLUTIONS & USE CASES,SOLUTIONS & USE CASES,SOLUTIONS & USE CASES
Mã nguồn của phần mềm AI DeepSeek hé lộ nhiều điều bất ngờ,MARKET SIGNALS,MARKET SIGNALS,MARKET SIGNALS,MARKET SIGNALS
"DeepSeek đối mặt làn sóng phản ứng quốc tế, gỡ khỏi cửa hàng ứng dụng",MARKET SIGNALS,MARKET SIGNALS,MARKET SIGNALS,MARKET SIGNALS
Màn vũ đạo đón Tết Nguyên đán của robot hình người gây kinh ngạc,SOLUTIONS & USE CASES,SOLUTIONS & USE CASES,MARKET SIGNALS,SOLUTIONS & USE CASES
"DeepSeek làm vỡ bong bóng AI, đưa nước Mỹ bước vào kỷ băng hà công nghệ?",MARKET SIGNALS,MARKET SIGNALS,MARKET SIGNALS,MARKET SIGNALS
Công cụ AI DeepSeek là gì mà khiến cả thế giới rúng động?,MARKET SIGNALS,MARKET SIGNALS,MARKET SIGNALS,MARKET SIGNALS
Loạt máy tính bảng Android giảm giá tiền triệu dịp cận Tết,NOISE,NOISE,NOISE,NOISE
"Thành lập Liên minh ứng phó, khắc phục sự cố an ninh mạng quốc gia",MARKET SIGNALS,MARKET SIGNALS,MARKET SIGNALS,MARKET SIGNALS
4 công cụ đột phá trên Galaxy S25 series hỗ trợ đắc lực cho người dùng,SOLUTIONS & USE CASES,SOLUTIONS & USE CASES,SOLUTIONS & USE CASES,SOLUTIONS & USE CASES
Cùng em cắp sách tới trường,NOISE,NOISE,NOISE,NOISE
Người cha nghiêm khắc của hai kỷ lục gia,NOISE,NOISE,NOISE,NOISE
Chính thức khởi công xây dựng nhà máy chế tạo chip bán dẫn đầu tiên tại Việt Nam,MARKET SIGNALS,MARKET SIGNALS,MARKET SIGNALS,MARKET SIGNALS
Hãng robot Mỹ chọn TP.HCM làm cứ điểm sản xuất chó máy toàn cầu,MARKET SIGNALS,MARKET SIGNALS,MARKET SIGNALS,MARKET SIGNALS
"Nvidia đưa chip mới vào sản xuất toàn diện, hiệu năng AI tăng gấp 5 lần",MARKET SIGNALS,MARKET SIGNALS,MARKET SIGNALS,MARKET SIGNALS
Động thái mới của tỷ phú Phạm Nhật Vượng ở quốc gia tỷ dân,NOISE,NOISE,MARKET SIGNALS,NOISE
"Trung Quốc phá vỡ ""siêu code"" độc quyền 30 năm của Mỹ: Tự làm phần mềm điều khiển lưới điện lớn nhất thế giới",MARKET SIGNALS,MARKET SIGNALS,MARKET SIGNALS,MARKET SIGNALS
Ủy ban Cạnh tranh Quốc gia yêu cầu VNG báo cáo việc thu thập dữ liệu người dùng Zalo,MARKET SIGNALS,MARKET SIGNALS,MARKET SIGNALS,MARKET SIGNALS
Tiểu thương chợ truyền thống “nín thở” chờ Tết,NOISE,NOISE,NOISE,NOISE
"'Đại phẫu' Vingroup: Gần 25.600 cổ đông đã rời đi trong giai đoạn cổ phiếu tăng 445%, nhóm cổ đông đặc biệt xuất hiện nắm 58% vốn",NOISE,NOISE,NOISE,NOISE
Shark Hùng Anh tiến quân sang Mỹ: Được giao 250 ha xây trung tâm dữ liệu AI tại tiểu bang lớn thứ 2 nước này,MARKET SIGNALS,MARKET SIGNALS,MARKET SIGNALS,MARKET SIGNALS
"Ông Phạm Nhật Vượng lập công ty sản xuất máy bay, vũ trụ",NOISE,NOISE,MARKET SIGNALS,MARKET SIGNALS
Vingroup sáp nhập 2 công ty công nghệ VinApp và VinSmart Future,MARKET SIGNALS,NOISE,MARKET SIGNALS,MARKET SIGNALS
"Sau Viettel, FPT, CMC... thêm một doanh nghiệp Việt gia nhập cuộc đua trung tâm dữ liệu AI với con số gây choáng:  VĐT 2 tỷ USD, công suất 200MW",MARKET SIGNALS,MARKET SIGNALS,MARKET SIGNALS,MARKET SIGNALS
Hòa Phát đầu tư KCN Lý Thường Kiệt quy mô 235ha tại Hưng Yên,NOISE,NOISE,NOISE,NOISE
"2.800 tỷ USD - Con số khổng lồ Google, Meta, Microsoft và Amazon dự kiến chi cho AI: Bong bóng liệu có vỡ?",MARKET SIGNALS,MARKET SIGNALS,MARKET SIGNALS,MARKET SIGNALS
"Startup AI 10 tỷ USD khiến giới công nghệ sững sờ: 3 founder đều là những tỷ phú trẻ nhất thế giới, 22 tuổi đã làm nên điều kỳ diệu",SOLUTIONS & USE CASES,MARKET SIGNALS,MARKET SIGNALS,MARKET SIGNALS
143 tỷ USD: Chuyện Trung Quốc làm xe điện và tham vọng dẫn đầu kỷ nguyên siêu công nghệ hoá,MARKET SIGNALS,MARKET SIGNALS,MARKET SIGNALS,MARKET SIGNALS
Intel sa thải hơn 35.000 nhân viên chỉ trong 2 năm: Cuộc tái cấu trúc chưa từng có nhằm ‘cứu lấy tương lai của tập đoàn’,MARKET SIGNALS,MARKET SIGNALS,MARKET SIGNALS,MARKET SIGNALS
Giá xe ngày 19-10: Đến lượt xe Trung Quốc đua nhau giảm giá,NOISE,NOISE,NOISE,NOISE
Năng lượng Bắc Hà của Chủ tịch Vũ Hiền sử dụng nguồn tiền từ trái phiếu doanh nghiệp không đúng mục đích,NOISE,NOISE,NOISE,NOISE
"9 tháng từ ngày ông Trương Gia Bình nói “thời tới cản không kịp”, cổ phiếu FPT “thủng” giá 9x",NOISE,NOISE,NOISE,NOISE
“AI là con dao hai lưỡi” – Sếp lớn Viettel IDC cảnh báo về rủi ro đang đến rất gần,MARKET SIGNALS,MARKET SIGNALS,MARKET SIGNALS,MARKET SIGNALS
"Nhận nhiệm vụ quan trọng từ Chính phủ, Vingroup của tỷ phú Phạm Nhật Vượng công bố thông tin đặc biệt",NOISE,NOISE,NOISE,NOISE
Ai đang làm Tổng giám đốc tại Tập đoàn NextTech của Shark Bình?,NOISE,MARKET SIGNALS,MARKET SIGNALS,MARKET SIGNALS
"Lalamove mở dịch vụ gọi xe chở khách tại Hà Nội, phá thế ""tam mã"" của Grab, Xanh SM, Be",NOISE,NOISE,NOISE,NOISE
Dự án thủy điện 1 tỷ USD đang gặp khó của EVN nhận 'cú hích' 430 triệu Euro từ châu Âu,NOISE,MARKET SIGNALS,MARKET SIGNALS,MARKET SIGNALS
Trí tuệ nhân tạo: 'Bao lì xì số' khuấy động thị trường ứng dụng - baotintuc.vn,MARKET SIGNALS,MARKET SIGNALS,MARKET SIGNALS,MARKET SIGNALS
"Khai mạc Hội thi “Ứng dụng trí tuệ nhân tạo (AI) trong công tác quản trị, quản lý và giảng dạy” năm học 2025-2026 - Cổng thông tin thành phố Đà Nẵng",SOLUTIONS & USE CASES,SOLUTIONS & USE CASES,MARKET SIGNALS,MARKET SIGNALS
Luật Trí tuệ nhân tạo có hiệu lực từ 1/3/2026: Đặt AI trong khuôn khổ pháp quyền - Tạp chí Doanh nghiệp và Hội nhập,MARKET SIGNALS,MARKET SIGNALS,MARKET SIGNALS,MARKET SIGNALS
Trí tuệ nhân tạo Trung Quốc ra đề cho những cuộc thi toán danh giá - VOV,MARKET SIGNALS,MARKET SIGNALS,MARKET SIGNALS,MARKET SIGNALS
"Ứng dụng trí tuệ nhân tạo trong tuyên truyền, phổ biến pháp luật - Báo Lào Cai điện tử",SOLUTIONS & USE CASES,MARKET SIGNALS,MARKET SIGNALS,MARKET SIGNALS
Ứng dụng trí tuệ nhân tạo phục vụ giám sát vi phạm quảng cáo y tế - Doanh nghiệp Cuộc sống,SOLUTIONS & USE CASES,MARKET SIGNALS,MARKET SIGNALS,MARKET SIGNALS
"Hội nghị tập huấn “Khai thác, ứng dụng AI - Trí tuệ nhân tạo phục vụ công tác hành chính” - Báo Cao Bằng",SOLUTIONS & USE CASES,SOLUTIONS & USE CASES,SOLUTIONS & USE CASES,MARKET SIGNALS
Luật Trí tuệ nhân tạo có hiệu lực từ 1/3/2026: Không để AI đi trước pháp luật - Báo Xây dựng,MARKET SIGNALS,MARKET SIGNALS,MARKET SIGNALS,MARKET SIGNALS
Quốc tế - Seoul tham vọng trở thành trung tâm trí tuệ nhân tạo vật lý toàn cầu - Đài Phát thanh - Truyền hình Đà Nẵng,MARKET SIGNALS,MARKET SIGNALS,MARKET SIGNALS,MARKET SIGNALS
Trí tuệ nhân tạo và cá thể hóa điều trị y học hạt nhân tại Việt Nam - Báo Tri thức và Cuộc sống,SOLUTIONS & USE CASES,MARKET SIGNALS,MARKET SIGNALS,MARKET SIGNALS
Khung pháp lý cho ứng dụng trí tuệ nhân tạo trong quản lý hành chính công ở Việt Nam - Tạp chí Công Thương,MARKET SIGNALS,MARKET SIGNALS,MARKET SIGNALS,MARKET SIGNALS
‘AI là ai?’ - game show Việt về trí tuệ nhân tạo hút tỷ lượt xem - VnExpress,SOLUTIONS & USE CASES,MARKET SIGNALS,MARKET SIGNALS,MARKET SIGNALS
Trí tuệ nhân tạo: Indonesia khôi phục quyền truy cập chatbot Grok - baotintuc.vn,MARKET SIGNALS,MARKET SIGNALS,MARKET SIGNALS,MARKET SIGNALS
Cảnh báo tác hại môi trường sau các câu lệnh AI - VnExpress,MARKET SIGNALS,MARKET SIGNALS,MARKET SIGNALS,MARKET SIGNALS
Giáo dục trong kỷ nguyên số: Ứng dụng trí tuệ nhân tạo AI trong giảng dạy - baotintuc.vn,SOLUTIONS & USE CASES,MARKET SIGNALS,MARKET SIGNALS,MARKET SIGNALS
Mỹ thúc đẩy mô hình giáo dục Trí tuệ nhân tạo trong trường học - Báo Văn Hóa,SOLUTIONS & USE CASES,MARKET SIGNALS,MARKET SIGNALS,MARKET SIGNALS
"Đại học Kinh tế Quốc dân tập huấn ứng dụng trí tuệ nhân tạo cho cán bộ, công chức xã Quang Trung - NEU",SOLUTIONS & USE CASES,SOLUTIONS & USE CASES,SOLUTIONS & USE CASES,MARKET SIGNALS
Những điểm đáng lưu ý của Luật Trí tuệ nhân tạo sắp có hiệu lực - baochinhphu.vn,MARKET SIGNALS,MARKET SIGNALS,MARKET SIGNALS,MARKET SIGNALS
Đưa STEM – Robotics – trí tuệ nhân tạo ra không gian công cộng - Giáo dục Thủ đô,SOLUTIONS & USE CASES,MARKET SIGNALS,MARKET SIGNALS,MARKET SIGNALS
Luật Trí tuệ nhân tạo thiết lập cơ chế kiểm soát lừa đảo công nghệ cao - Báo Nhân Dân điện tử,MARKET SIGNALS,MARKET SIGNALS,MARKET SIGNALS,MARKET SIGNALS
Hoàn thiện khung pháp lý về ứng dụng trí tuệ nhân tạo trong dịch vụ công trực tuyến tại Việt Nam - Tạp chí Dân chủ và Pháp luật,MARKET SIGNALS,MARKET SIGNALS,MARKET SIGNALS,MARKET SIGNALS
"Thúc đẩy ứng dụng trí tuệ nhân tạo trong các cơ sở y tế tuyến xã, phường - Báo Nhân Dân điện tử",MARKET SIGNALS,MARKET SIGNALS,MARKET SIGNALS,MARKET SIGNALS
AI cướp việc của con người liệu có phải cú lừa? - Báo Dân trí,MARKET SIGNALS,MARKET SIGNALS,MARKET SIGNALS,MARKET SIGNALS
Trí tuệ nhân tạo: Ứng dụng AI để 'giải mã' hệ miễn dịch con người - baotintuc.vn,SOLUTIONS & USE CASES,MARKET SIGNALS,MARKET SIGNALS,MARKET SIGNALS
"""Người rừng"": Loài vật sở hữu IQ sánh ngang trí tuệ nhân loại, hiện chỉ còn vài nghìn cá thể - Gia đình & Xã hội",NOISE,MARKET SIGNALS,MARKET SIGNALS,MARKET SIGNALS
Hướng dẫn thí điểm giáo dục trí tuệ nhân tạo trong trường phổ thông - baochinhphu.vn,MARKET SIGNALS,MARKET SIGNALS,MARKET SIGNALS,MARKET SIGNALS
"Bế giảng khóa bồi dưỡng Trí tuệ nhân tạo (AI) cho cán bộ, công chức Văn phòng Chính phủ - vpcp.chinhphu.vn",SOLUTIONS & USE CASES,SOLUTIONS & USE CASES,SOLUTIONS & USE CASES,MARKET SIGNALS
Việt Nam chính thức có Luật Trí tuệ nhân tạo (AI) - baochinhphu.vn,MARKET SIGNALS,MARKET SIGNALS,MARKET SIGNALS,MARKET SIGNALS
AI cướp việc làm 'ghê gớm' nhất trong những nghề là thế mạnh của phụ nữ - Genk,MARKET SIGNALS,MARKET SIGNALS,MARKET SIGNALS,MARKET SIGNALS
Cấm sử dụng hệ thống AI tạo nội dung giả mạo gây nguy hại an ninh quốc gia - Báo Nhân Dân điện tử,MARKET SIGNALS,MARKET SIGNALS,MARKET SIGNALS,MARKET SIGNALS
TP.HCM bắt đầu dạy về trí tuệ nhân tạo: Thí điểm với học sinh trường nào? - Thanh Niên,MARKET SIGNALS,MARKET SIGNALS,MARKET SIGNALS,MARKET SIGNALS
Đề xuất triển khai thí điểm nội dung giáo dục trí tuệ nhân tạo trong giáo dục phổ thông - baochinhphu.vn,MARKET SIGNALS,MARKET SIGNALS,MARKET SIGNALS,MARKET SIGNALS
Khung nội dung thí điểm giáo dục trí tuệ nhân tạo (AI) cho học sinh phổ thông - baochinhphu.vn,MARKET SIGNALS,MARKET SIGNALS,MARKET SIGNALS,MARKET SIGNALS
Ban hành Khung nội dung thí điểm giáo dục trí tuệ nhân tạo cho học sinh phổ thông - Báo Nhân Dân điện tử,MARKET SIGNALS,MARKET SIGNALS,MARKET SIGNALS,MARKET SIGNALS
Triển khai giáo dục trí tuệ nhân tạo cho học sinh phổ thông - moet.gov.vn,MARKET SIGNALS,MARKET SIGNALS,MARKET SIGNALS,MARKET SIGNALS
Luật Trí tuệ nhân tạo: Đặt nền móng cho hạ tầng trí tuệ quốc gia - baotintuc.vn,MARKET SIGNALS,MARKET SIGNALS,MARKET SIGNALS,MARKET SIGNALS
Trí tuệ nhân tạo: Triển vọng hợp tác giữa Việt Nam và Canada trong lĩnh vực y tế - Thông tấn xã Việt Nam,MARKET SIGNALS,MARKET SIGNALS,MARKET SIGNALS,MARKET SIGNALS
Trí tuệ nhân tạo đang tái định hình du lịch toàn cầu - Bộ Văn hóa Thể thao và Du lịch,MARKET SIGNALS,MARKET SIGNALS,MARKET SIGNALS,MARKET SIGNALS
Những sinh viên đầu tiên tốt nghiệp ngành Trí tuệ nhân tạo - VnExpress,MARKET SIGNALS,MARKET SIGNALS,MARKET SIGNALS,MARKET SIGNALS
"Luật Trí tuệ nhân tạo cần định hình “văn hóa AI”, tôn trọng các giá trị văn hóa, đạo đức, bản sắc dân tộc - Bộ Văn hóa Thể thao và Du lịch",MARKET SIGNALS,MARKET SIGNALS,MARKET SIGNALS,MARKET SIGNALS
"Ứng dụng trí tuệ nhân tạo tạo sinh trong đào tạo luật - Cơ hội, thách thức và một số giải pháp - Tạp chí Dân chủ và Pháp luật",SOLUTIONS & USE CASES,MARKET SIGNALS,MARKET SIGNALS,MARKET SIGNALS
"Chủ tịch Quốc hội: Cần Thơ phải đi đầu áp dụng chuyển đổi số, trí tuệ nhân tạo trong công tác bầu cử - Báo Pháp Luật TP. Hồ Chí Minh",MARKET SIGNALS,SOLUTIONS & USE CASES,MARKET SIGNALS,MARKET SIGNALS
Quốc hội thông qua Luật Trí tuệ nhân tạo: Hoàn thiện hành lang pháp lý cho kỷ nguyên số - mst.gov.vn,MARKET SIGNALS,MARKET SIGNALS,MARKET SIGNALS,MARKET SIGNALS
Ứng dụng trí tuệ nhân tạo trong ngành kế toán trước bối cảnh chuyển đổi số - Tạp chí Công Thương,SOLUTIONS & USE CASES,SOLUTIONS & USE CASES,SOLUTIONS & USE CASES,MARKET SIGNALS
Hai hạt nhân của lĩnh vực AI vật lý - bnews.vn,MARKET SIGNALS,MARKET SIGNALS,MARKET SIGNALS,MARKET SIGNALS
"Nhà trường, chuyên gia cùng phát huy trí tuệ nhân tạo trong chuyển đổi số - Giáo dục Thủ đô",SOLUTIONS & USE CASES,MARKET SIGNALS,MARKET SIGNALS,MARKET SIGNALS
Luật Trí tuệ nhân tạo quy định rõ 6 hành vi bị cấm - VOV,MARKET SIGNALS,MARKET SIGNALS,MARKET SIGNALS,MARKET SIGNALS
"Quốc hội lần đầu thông qua Luật Trí tuệ nhân tạo, yêu cầu gắn nhãn các sản phẩm AI - mst.gov.vn",MARKET SIGNALS,MARKET SIGNALS,MARKET SIGNALS,MARKET SIGNALS
Hệ sinh thái trí tuệ nhân tạo Việt Nam đang sẵn sàng cho bước nhảy vọt mới - Báo Nhân Dân điện tử,MARKET SIGNALS,MARKET SIGNALS,MARKET SIGNALS,MARKET SIGNALS
Quy định về trách nhiệm bồi thường khi trí tuệ nhân tạo gây thiệt hại - Tạp chí Điện tử Luật sư Việt Nam,MARKET SIGNALS,MARKET SIGNALS,MARKET SIGNALS,MARKET SIGNALS
"Luật Trí tuệ nhân tạo - bước tiến về quản lý, phát triển AI cho Việt Nam - VnExpress",MARKET SIGNALS,MARKET SIGNALS,MARKET SIGNALS,MARKET SIGNALS
"Bồi thường thiệt hại do hệ thống trí tuệ nhân tạo gây ra trong Luật Trí tuệ nhân tạo và một số giải pháp, kiến nghị - tapchitoaan.vn",MARKET SIGNALS,MARKET SIGNALS,MARKET SIGNALS,MARKET SIGNALS
Điều chỉnh pháp luật về trí tuệ nhân tạo - Kinh nghiệm quốc tế và gợi mở cho Việt Nam từ sự xuất hiện của ChatGPT - Tạp chí Dân chủ và Pháp luật,MARKET SIGNALS,MARKET SIGNALS,MARKET SIGNALS,MARKET SIGNALS
"Cán bộ, công chức VPCP tập huấn về Trí tuệ nhân tạo (AI) - vpcp.chinhphu.vn",SOLUTIONS & USE CASES,MARKET SIGNALS,MARKET SIGNALS,MARKET SIGNALS
Minh bạch hóa sản phẩm trí tuệ nhân tạo - Báo Nhân Dân điện tử,MARKET SIGNALS,MARKET SIGNALS,MARKET SIGNALS,MARKET SIGNALS
Từ kết nối số đến kết nối trí tuệ – Tầm nhìn ASEAN trong kỷ nguyên dữ liệu và AI - mst.gov.vn,NOISE,NOISE,MARKET SIGNALS,NOISE
Hành trình vào thế giới trí tuệ nhân tạo - Báo Nhân Dân điện tử,MARKET SIGNALS,MARKET SIGNALS,MARKET SIGNALS,MARKET SIGNALS
Ứng dụng trí tuệ nhân tạo và dữ liệu lớn trong hoạt động của Toà án: Kinh nghiệm từ “Toà án thông minh” của Trung Quốc và định hướng cho Việt Nam theo tinh thần Nghị quyết 66-NQ/TW - Tạp chí Pháp Lý,SOLUTIONS & USE CASES,MARKET SIGNALS,MARKET SIGNALS,MARKET SIGNALS
Cảnh báo về nguy cơ lạm dụng trí tuệ nhân tạo - Báo Thanh tra,MARKET SIGNALS,MARKET SIGNALS,MARKET SIGNALS,MARKET SIGNALS
"Việt Nam chính thức có luật Trí tuệ nhân tạo, lấy con người làm trung tâm - Thanh Niên",MARKET SIGNALS,MARKET SIGNALS,MARKET SIGNALS,MARKET SIGNALS
Cảnh báo nguy cơ lạm dụng trí tuệ nhân tạo: Khi công nghệ bị lợi dụng cho mục đích tiêu cực - Cổng thông tin điện tử Nghệ An,MARKET SIGNALS,MARKET SIGNALS,MARKET SIGNALS,MARKET SIGNALS
Người con Phật và trí tuệ nhân tạo (AI) - Giác Ngộ Online,SOLUTIONS & USE CASES,MARKET SIGNALS,MARKET SIGNALS,MARKET SIGNALS
Cần sớm có một chiến lược bài bản đưa trí tuệ nhân tạo vào trường học - Báo Nhân Dân điện tử,MARKET SIGNALS,MARKET SIGNALS,MARKET SIGNALS,MARKET SIGNALS
Vietnam Journal of Computer Science (VJCS) - Hành trình khẳng định vị thế học thuật của khoa học máy tính Việt Nam trên bản đồ quốc tế - Trường Đại học Nguyễn Tất Thành,MARKET SIGNALS,MARKET SIGNALS,MARKET SIGNALS,MARKET SIGNALS
"32.000 tác nhân AI tham gia mạng xã hội: Chỉ sau một đêm tự tạo tôn giáo riêng, tự phát hiện đang bị con người theo dõi - Genk",MARKET SIGNALS,MARKET SIGNALS,MARKET SIGNALS,MARKET SIGNALS
Luật Trí tuệ nhân tạo 2025 và 10+ điểm đáng chú ý - LuatVietnam,MARKET SIGNALS,MARKET SIGNALS,MARKET SIGNALS,MARKET SIGNALS
Cuộc đua khốc liệt giành nhân tài trí tuệ nhân tạo - Tuổi Trẻ,MARKET SIGNALS,MARKET SIGNALS,MARKET SIGNALS,MARKET SIGNALS
Trí tuệ nhân tạo có thể làm gia tăng khoảng cách giữa các quốc gia - Báo Nhân Dân điện tử,MARKET SIGNALS,MARKET SIGNALS,MARKET SIGNALS,MARKET SIGNALS
Rủi ro trong ứng dụng trí tuệ nhân tạo vào công tác xây dựng pháp luật - kinh nghiệm quốc tế và đề xuất cho Việt Nam - Tạp chí Dân chủ và Pháp luật,MARKET SIGNALS,MARKET SIGNALS,MARKET SIGNALS,MARKET SIGNALS
Hội nghị toàn quốc tập huấn ứng dụng trí tuệ nhân tạo cho cán bộ các cấp ủy và cơ quan đảng - Báo Khánh Hòa,SOLUTIONS & USE CASES,SOLUTIONS & USE CASES,MARKET SIGNALS,MARKET SIGNALS
"Dự án Luật Trí tuệ nhân tạo: Đề nghị bổ sung một mục riêng về sử dụng AI trong đào tạo, nghiên cứu - xaydungchinhsach.chinhphu.vn",MARKET SIGNALS,MARKET SIGNALS,MARKET SIGNALS,MARKET SIGNALS
Cuộc đua vũ khí trí tuệ nhân tạo (AI) dữ dội không kém vũ khí hạt nhân - VOV,MARKET SIGNALS,MARKET SIGNALS,MARKET SIGNALS,MARKET SIGNALS
Việt Nam sắp có Luật Trí tuệ nhân tạo (AI) - baochinhphu.vn,MARKET SIGNALS,MARKET SIGNALS,MARKET SIGNALS,MARKET SIGNALS
Ứng dụng trí tuệ nhân tạo hỗ trợ người dân làm hộ chiếu - Báo Đắk Lắk điện tử,NOISE,MARKET SIGNALS,MARKET SIGNALS,NOISE
Khai mạc Ngày hội Trí tuệ nhân tạo Việt Nam 2025: Việt Nam trong cuộc đua AI toàn cầu - mst.gov.vn,MARKET SIGNALS,MARKET SIGNALS,MARKET SIGNALS,MARKET SIGNALS
Từ phần mềm đến bán dẫn: FPT và bước ngoặt hoàn thiện chuỗi chip “Make in Vietnam” - Báo Nhân Dân điện tử,MARKET SIGNALS,MARKET SIGNALS,MARKET SIGNALS,MARKET SIGNALS
Tháng Giêng nhiều dấu ấn của ngành bán dẫn Việt Nam - Báo Dân trí,MARKET SIGNALS,MARKET SIGNALS,MARKET SIGNALS,MARKET SIGNALS
Những dấu mốc trong ba năm của ngành bán dẫn Việt Nam - VnExpress,MARKET SIGNALS,MARKET SIGNALS,MARKET SIGNALS,MARKET SIGNALS
FPT công bố thành lập Nhà máy Kiểm thử và đóng gói tiên tiến chip bán dẫn - baochinhphu.vn,MARKET SIGNALS,MARKET SIGNALS,MARKET SIGNALS,MARKET SIGNALS
"Hôm nay, FPT chính thức tuyên bố lập nhà máy kiểm thử và đóng gói chip bán dẫn - CafeF",MARKET SIGNALS,MARKET SIGNALS,MARKET SIGNALS,MARKET SIGNALS
Chiến lược mới của Trung Quốc trong cuộc đua bán dẫn - Tia Sáng,MARKET SIGNALS,MARKET SIGNALS,MARKET SIGNALS,MARKET SIGNALS
Giá tấm bán dẫn năng lượng mặt trời tại Trung Quốc giảm mạnh - Tuổi Trẻ,NOISE,MARKET SIGNALS,MARKET SIGNALS,MARKET SIGNALS
KHỞI CÔNG XÂY DỰNG NHÀ MÁY CHẾ TẠO CHIP BÁN DẪN ĐẦU TIÊN TẠI VIỆT NAM - xaydungchinhsach.chinhphu.vn,MARKET SIGNALS,MARKET SIGNALS,MARKET SIGNALS,MARKET SIGNALS
Tham vọng 'vẽ lại' bản đồ bán dẫn của Việt Nam - Thanh Niên,MARKET SIGNALS,MARKET SIGNALS,MARKET SIGNALS,MARKET SIGNALS
Một loạt thỏa thuận hợp tác quốc tế phát triển bán dẫn - baotintuc.vn,MARKET SIGNALS,MARKET SIGNALS,MARKET SIGNALS,MARKET SIGNALS
Việt Nam nới lỏng nhập khẩu thiết bị bán dẫn qua sử dụng - VnExpress,MARKET SIGNALS,MARKET SIGNALS,MARKET SIGNALS,MARKET SIGNALS
Hai điểm sáng của công nghiệp CNTT ngay đầu năm 2026: Đặt nền móng làm chủ công nghệ bán dẫn - baochinhphu.vn,MARKET SIGNALS,MARKET SIGNALS,MARKET SIGNALS,MARKET SIGNALS
Quốc hội Hàn Quốc thông qua luật đặc biệt hỗ trợ ngành chip bán dẫn - baochinhphu.vn,MARKET SIGNALS,MARKET SIGNALS,MARKET SIGNALS,MARKET SIGNALS
'Bữa tối nghìn tỷ USD' của CEO Nvidia với loạt tỷ phú bán dẫn Đài Loan - VnExpress,MARKET SIGNALS,MARKET SIGNALS,MARKET SIGNALS,MARKET SIGNALS
Từ cơ hội đến vị thế: Việt Nam cần bứt phá trong chuỗi giá trị bán dẫn toàn cầu - baochinhphu.vn,MARKET SIGNALS,MARKET SIGNALS,MARKET SIGNALS,MARKET SIGNALS
"Mỹ càng làm khó, quốc gia này lại càng mạnh: Sở hữu 3/20 nhà sản xuất chip bán dẫn hàng đầu thế giới, doanh thu gần 50 tỷ USD - CafeF",MARKET SIGNALS,MARKET SIGNALS,MARKET SIGNALS,MARKET SIGNALS
Hàn Quốc thông qua dự thảo luật đặc biệt hỗ trợ ngành chip bán dẫn - Báo Gia Lai điện tử,MARKET SIGNALS,MARKET SIGNALS,MARKET SIGNALS,MARKET SIGNALS
FPT mở nhà máy kiểm thử và đóng gói tiên tiến chip bán dẫn - Truyền hình Thanh Hoá,MARKET SIGNALS,MARKET SIGNALS,MARKET SIGNALS,MARKET SIGNALS
Việt Nam sẽ bước vào nhóm số ít quốc gia sở hữu năng lực chế tạo chip bán dẫn - Báo Nhân Dân điện tử,MARKET SIGNALS,MARKET SIGNALS,MARKET SIGNALS,MARKET SIGNALS
Tổng Bí thư dự khởi công nhà máy chip bán dẫn đầu tiên tại Việt Nam - Thanh Niên,MARKET SIGNALS,MARKET SIGNALS,MARKET SIGNALS,MARKET SIGNALS
"FPT thành lập nhà máy kiểm thử, đóng gói chip bán dẫn đầu tiên tại Việt Nam - Báo Thanh Hóa",MARKET SIGNALS,MARKET SIGNALS,MARKET SIGNALS,MARKET SIGNALS
"Tổng Bí thư, Thủ tướng Chính phủ dự lễ khởi công nhà máy chế tạo chip bán dẫn đầu tiên tại Việt Nam - baochinhphu.vn",MARKET SIGNALS,MARKET SIGNALS,MARKET SIGNALS,MARKET SIGNALS
Tổng Bí thư Tô Lâm dự khởi công xây dựng nhà máy chế tạo chip bán dẫn đầu tiên tại Việt Nam - Tuổi Trẻ,MARKET SIGNALS,MARKET SIGNALS,MARKET SIGNALS,MARKET SIGNALS
FPT và Viettel liên minh làm chủ công nghệ chip bán dẫn - Báo Tuyên Quang điện tử,MARKET SIGNALS,MARKET SIGNALS,MARKET SIGNALS,MARKET SIGNALS
Mảnh ghép cuối của giấc mơ bán dẫn Việt - Báo Đại Đoàn Kết,MARKET SIGNALS,MARKET SIGNALS,MARKET SIGNALS,MARKET SIGNALS
"Nhà máy chế tạo chip bán dẫn, Nghị quyết 79 và kỳ vọng về 'sếu đầu đàn' - VnBusiness",MARKET SIGNALS,MARKET SIGNALS,MARKET SIGNALS,MARKET SIGNALS
"Viettel quy tụ 50 nhân sự tinh hoa bán dẫn, 70% là tiến sĩ từ nước ngoài - TẠP CHÍ ĐIỆN TỬ VIETTIMES",MARKET SIGNALS,MARKET SIGNALS,MARKET SIGNALS,MARKET SIGNALS
Thông tin đầu tiên về Nhà máy chế tạo chip bán dẫn của Việt Nam được tiết lộ - Genk,MARKET SIGNALS,MARKET SIGNALS,MARKET SIGNALS,MARKET SIGNALS
"Hôm nay, nhà máy chế tạo chip bán dẫn đầu tiên của Việt Nam có bước tiến quan trọng - CafeF",MARKET SIGNALS,MARKET SIGNALS,MARKET SIGNALS,MARKET SIGNALS
"FPT ký hợp tác toàn diện với Viettel và các tập đoàn hàng đầu Nhật, Hàn trong mảng chip bán dẫn - Chungta",MARKET SIGNALS,MARKET SIGNALS,MARKET SIGNALS,MARKET SIGNALS
Tập đoàn bán dẫn hàng đầu thế giới muốn mở rộng chuỗi cung ứng tại Việt Nam - VnExpress,MARKET SIGNALS,MARKET SIGNALS,MARKET SIGNALS,MARKET SIGNALS
"FPT lập nhà máy kiểm thử, đóng gói chip bán dẫn đầu tiên do người Việt làm chủ - Genk",MARKET SIGNALS,MARKET SIGNALS,MARKET SIGNALS,MARKET SIGNALS
Bộ KH&CN: Việt Nam đang từng bước đặt nền móng làm chủ công nghệ bán dẫn - VOV,MARKET SIGNALS,MARKET SIGNALS,MARKET SIGNALS,MARKET SIGNALS
"Tập đoàn có lãi gần 2,2 tỷ USD khởi công nhà máy chế tạo chip bán dẫn đầu tiên tại Việt Nam - CafeF",MARKET SIGNALS,MARKET SIGNALS,MARKET SIGNALS,MARKET SIGNALS
Một trường cao đẳng mở ngành công nghệ kỹ thuật bán dẫn và vi mạch - Tuổi Trẻ,MARKET SIGNALS,MARKET SIGNALS,MARKET SIGNALS,MARKET SIGNALS
"Điểm tuần: Việt Nam khởi công nhà máy chip bán dẫn, công viên công nghệ số - Báo Dân trí",MARKET SIGNALS,MARKET SIGNALS,MARKET SIGNALS,MARKET SIGNALS
"Quốc hội Hàn Quốc thông qua luật đặc biệt hỗ trợ ngành chip bán dẫn - Báo và Phát thanh, Truyền hình Bắc Ninh",MARKET SIGNALS,MARKET SIGNALS,MARKET SIGNALS,MARKET SIGNALS
FPT công bố thành lập Nhà máy Kiểm thử và đóng gói tiên tiến chip bán dẫn đặt tại Bắc Ninh - thuonghieucongluan.com.vn,MARKET SIGNALS,MARKET SIGNALS,MARKET SIGNALS,MARKET SIGNALS
Đại học Huế xúc tiến đào tạo bán dẫn: Định hướng chiến lược cho giai đoạn mới - Giáo dục Việt Nam,MARKET SIGNALS,MARKET SIGNALS,MARKET SIGNALS,MARKET SIGNALS
Thành lập Trung tâm quốc gia hỗ trợ sản xuất thử chip bán dẫn - baochinhphu.vn,MARKET SIGNALS,MARKET SIGNALS,MARKET SIGNALS,MARKET SIGNALS
FPT thành lập nhà máy kiểm thử và đóng gói chip bán dẫn - Báo Dân trí,MARKET SIGNALS,MARKET SIGNALS,MARKET SIGNALS,MARKET SIGNALS
'Mỏ vàng' việc làm ngành bán dẫn ở Đài Loan chờ sinh viên Việt - VnExpress,MARKET SIGNALS,MARKET SIGNALS,MARKET SIGNALS,MARKET SIGNALS
"FPT thành lập nhà máy kiểm thử, đóng gói chip bán dẫn đầu tiên tại Việt Nam - VTV.vn",MARKET SIGNALS,MARKET SIGNALS,MARKET SIGNALS,MARKET SIGNALS
Từ cơ hội đến vị thế: Việt Nam cần bứt phá trong chuỗi giá trị bán dẫn toàn cầu - CafeF,MARKET SIGNALS,MARKET SIGNALS,MARKET SIGNALS,MARKET SIGNALS
Viên gạch đầu tiên xây dựng ngành công nghiệp bán dẫn tự chủ - Tin nhanh chứng khoán,MARKET SIGNALS,MARKET SIGNALS,MARKET SIGNALS,MARKET SIGNALS
Tổng Bí thư Tô Lâm dự lễ khởi công Nhà máy Chế tạo chip bán dẫn công nghệ cao - Báo Nhân Dân điện tử,MARKET SIGNALS,MARKET SIGNALS,MARKET SIGNALS,MARKET SIGNALS
Thủ tướng: Việt Nam phấn đấu có nhà máy chip bán dẫn đầu tiên trong năm 2026 - baochinhphu.vn,MARKET SIGNALS,MARKET SIGNALS,MARKET SIGNALS,MARKET SIGNALS
Khởi công nhà máy chip bán dẫn đầu tiên tại Việt Nam - Tạp chí Kinh tế Sài Gòn,MARKET SIGNALS,MARKET SIGNALS,MARKET SIGNALS,MARKET SIGNALS
FPT lập Nhà máy Kiểm thử và Đóng gói tiên tiến chip bán dẫn - Chungta,MARKET SIGNALS,MARKET SIGNALS,MARKET SIGNALS,MARKET SIGNALS
"Ông Trương Gia Bình: ""Nếu tính cả người Việt khắp nơi trên TG, chúng ta là 1 thế lực trong ngành bán dẫn"" - CafeF",MARKET SIGNALS,MARKET SIGNALS,MARKET SIGNALS,MARKET SIGNALS
Khởi công nhà máy chế tạo chip bán dẫn đầu tiên tại Việt Nam - VnBusiness,MARKET SIGNALS,MARKET SIGNALS,MARKET SIGNALS,MARKET SIGNALS
Hình dung Cuộc cách mạng Bán dẫn Thế hệ Mới của Đông Nam Á - Hitachi Global,SOLUTIONS & USE CASES,DEEP DIVE,MARKET SIGNALS,MARKET SIGNALS
Hai điểm sáng của công nghiệp CNTT ngay đầu năm 2026: Đặt nền móng làm chủ công nghệ bán dẫn - Giáo dục Thủ đô,MARKET SIGNALS,MARKET SIGNALS,MARKET SIGNALS,MARKET SIGNALS
Kiến tạo hệ sinh thái bán dẫn - Báo Nhân Dân điện tử,MARKET SIGNALS,MARKET SIGNALS,MARKET SIGNALS,MARKET SIGNALS
Khởi công nhà máy chế tạo chip bán dẫn công nghệ cao đầu tiên của Việt Nam - Báo Công an Thành Phố Hồ Chí Minh,MARKET SIGNALS,MARKET SIGNALS,MARKET SIGNALS,MARKET SIGNALS
Khởi công Nhà máy chế tạo chip bán dẫn công nghệ cao đầu tiên của Việt Nam - media.chinhphu.vn,MARKET SIGNALS,MARKET SIGNALS,MARKET SIGNALS,NOISE
Sản xuất chip bán dẫn và tiêu chuẩn 'trên trời' phía sau nhà máy của Viettel - Viettel Family,MARKET SIGNALS,MARKET SIGNALS,MARKET SIGNALS,NOISE
Thủ tướng: Nhà máy chế tạo chip bán dẫn công nghệ cao là mắt xích then chốt mà Việt Nam còn thiếu - Báo Đồng Tháp,MARKET SIGNALS,MARKET SIGNALS,MARKET SIGNALS,MARKET SIGNALS
Khởi công nhà máy chế tạo chip bán dẫn đầu tiên tại Việt Nam - Truyền hình Thanh Hoá,MARKET SIGNALS,MARKET SIGNALS,MARKET SIGNALS,MARKET SIGNALS
Viettel khởi công xây dựng nhà máy chế tạo chip bán dẫn đầu tiên tại Việt Nam - Tạp chí Công Thương,MARKET SIGNALS,MARKET SIGNALS,MARKET SIGNALS,MARKET SIGNALS
Viettel khởi công xây dựng nhà máy chế tạo chip bán dẫn đầu tiên tại Việt Nam - Báo Thanh Hóa,MARKET SIGNALS,MARKET SIGNALS,MARKET SIGNALS,MARKET SIGNALS
Hoàn thiện hệ sinh thái bán dẫn quốc gia và làm chủ công nghệ lõi - Báo Công an Nhân dân điện tử - Công an Nhân dân,MARKET SIGNALS,MARKET SIGNALS,MARKET SIGNALS,MARKET SIGNALS
"Lần đầu Việt Nam có nhà máy chế tạo chip, mở ra năng lực sản xuất bán dẫn trong nước - TẠP CHÍ ĐIỆN TỬ VIETTIMES",MARKET SIGNALS,MARKET SIGNALS,MARKET SIGNALS,MARKET SIGNALS
Khởi công nhà máy chế tạo chip bán dẫn đầu tiên tại Việt Nam - CafeF,MARKET SIGNALS,MARKET SIGNALS,MARKET SIGNALS,MARKET SIGNALS
"[Video] Xây dựng nhà máy chế tạo chip, hoàn thiện chuỗi giá trị bán dẫn tại Việt Nam - Báo Nhân Dân điện tử",MARKET SIGNALS,MARKET SIGNALS,MARKET SIGNALS,MARKET SIGNALS
"Thủ tướng: Chế tạo chip bán dẫn, Việt Nam chọn con đường khó nhưng bền vững - Báo điện tử Tiền Phong",MARKET SIGNALS,MARKET SIGNALS,MARKET SIGNALS,MARKET SIGNALS
Nhà máy chế tạo chip bán dẫn công nghệ cao - mắt xích then chốt của Việt Nam trong chuỗi giá trị bán dẫn toàn cầu - Tạp chí Công Thương,MARKET SIGNALS,MARKET SIGNALS,MARKET SIGNALS,MARKET SIGNALS
"Thủ tướng: Khởi công nhà máy chip, hoàn thiện chuỗi giá trị bán dẫn quốc gia - Báo Đấu thầu",MARKET SIGNALS,MARKET SIGNALS,MARKET SIGNALS,MARKET SIGNALS
CEO Nvidia lên tiếng về tin đồn bất hòa với OpenAI - VnExpress,MARKET SIGNALS,MARKET SIGNALS,MARKET SIGNALS,MARKET SIGNALS
CEO Nvidia xác nhận sẽ đầu tư vào OpenAI quy mô dưới 100 tỷ USD - congly.vn,MARKET SIGNALS,MARKET SIGNALS,MARKET SIGNALS,MARKET SIGNALS
Google đưa Gemini “thâm nhập sâu” vào Chrome: Trình duyệt trở thành trung tâm AI cá nhân - VnEconomy,MARKET SIGNALS,MARKET SIGNALS,MARKET SIGNALS,MARKET SIGNALS
Ông chủ Nvidia lên tiếng về tin đồn 'nghỉ chơi' với OpenAI - Vietpress.vn,NOISE,NOISE,NOISE,NOISE
Mô hình AI ChatGPT sắp bị khai tử - Tạp chí Saostar,MARKET SIGNALS,MARKET SIGNALS,MARKET SIGNALS,MARKET SIGNALS
Thương vụ Nvidia rót 100 tỷ USD vào OpenAI có nguy cơ đổ vỡ - TẠP CHÍ ĐIỆN TỬ VIETTIMES,MARKET SIGNALS,MARKET SIGNALS,MARKET SIGNALS,MARKET SIGNALS
"OpenAI xóa sổ GPT-4o, người dùng phẫn nộ đòi hủy gói trả phí - Thanh Niên",MARKET SIGNALS,MARKET SIGNALS,MARKET SIGNALS,MARKET SIGNALS
OpenAI đàm phán nhằm huy động 40 tỷ USD từ các đối tác hạ tầng lớn - baotintuc.vn,MARKET SIGNALS,MARKET SIGNALS,MARKET SIGNALS,MARKET SIGNALS
"Google chia lại tài nguyên Gemini, gói miễn phí vẫn bị giới hạn - Thanh Niên",MARKET SIGNALS,MARKET SIGNALS,MARKET SIGNALS,MARKET SIGNALS
Thương vụ 100 tỷ USD giữa NVIDIA và OpenAI đổ vỡ: Rạn nứt trong đế chế AI - CafeF,MARKET SIGNALS,MARKET SIGNALS,MARKET SIGNALS,MARKET SIGNALS
OpenAI âm thầm ra mắt ChatGPT Translate - Thanh Niên,SOLUTIONS & USE CASES,SOLUTIONS & USE CASES,SOLUTIONS & USE CASES,SOLUTIONS & USE CASES
OpenAI sẽ loại bỏ một số mô hình khỏi ChatGPT vào tháng tới - Minh Tuấn Mobile,MARKET SIGNALS,MARKET SIGNALS,MARKET SIGNALS,MARKET SIGNALS
Lãnh đạo an ninh mạng Mỹ tải tài liệu nhạy cảm lên ChatGPT - Thanh Niên,MARKET SIGNALS,MARKET SIGNALS,MARKET SIGNALS,MARKET SIGNALS
ChatGPT thử nghiệm hiển thị quảng cáo - VnExpress,MARKET SIGNALS,MARKET SIGNALS,MARKET SIGNALS,MARKET SIGNALS
"Thương vụ 100 tỷ USD bất thành: NVIDIA điều chỉnh danh mục đầu tư, OpenAI tìm kiếm nguồn vốn mới - Báo Pháp luật Việt Nam",MARKET SIGNALS,MARKET SIGNALS,MARKET SIGNALS,MARKET SIGNALS
ChatGPT tạo ảnh cách con người đối xử với AI: Trào lưu khiến nhiều người bất ngờ - CafeF,NOISE,MARKET SIGNALS,MARKET SIGNALS,MARKET SIGNALS
Cựu HLV tuyển Tây Ban Nha bị tố lạm dụng ChatGPT - VnExpress,SOLUTIONS & USE CASES,MARKET SIGNALS,MARKET SIGNALS,MARKET SIGNALS
"ChatGPT hiển thị quảng cáo, người dùng trả 8 USD/tháng cũng vẫn phải xem - Genk",MARKET SIGNALS,MARKET SIGNALS,MARKET SIGNALS,MARKET SIGNALS
OpenAI sẽ khai tử GPT-4o cùng loạt mô hình cũ - GenZ Việt,MARKET SIGNALS,MARKET SIGNALS,MARKET SIGNALS,MARKET SIGNALS
"Nvidia, Amazon, Microsoft đàm phán để đầu tư tới 60 tỷ USD vào OpenAI - CafeF",MARKET SIGNALS,MARKET SIGNALS,MARKET SIGNALS,MARKET SIGNALS
CEO Nvidia nói về mối quan hệ với OpenAI - Znews,MARKET SIGNALS,MARKET SIGNALS,MARKET SIGNALS,MARKET SIGNALS
"Kling - AI Trung Quốc thách thức OpenAI Sora, Google Veo - VnExpress",MARKET SIGNALS,MARKET SIGNALS,MARKET SIGNALS,MARKET SIGNALS
Google Maps chấm dứt cảnh “vừa đi vừa bấm” với trợ lý AI Gemini - Tạp chí Doanh nghiệp và Hội nhập,MARKET SIGNALS,MARKET SIGNALS,MARKET SIGNALS,MARKET SIGNALS
SoftBank Group đặt cược lớn vào OpenAI với khoản đầu tư 30 tỷ USD - bnews.vn,NOISE,MARKET SIGNALS,MARKET SIGNALS,MARKET SIGNALS
"Apple chọn tích hợp Gemini, Elon Musk phản ứng - VnExpress",MARKET SIGNALS,MARKET SIGNALS,MARKET SIGNALS,MARKET SIGNALS
ChatGPT trích dẫn câu trả lời từ Grokipedia của Musk - VnExpress,MARKET SIGNALS,MARKET SIGNALS,MARKET SIGNALS,MARKET SIGNALS
"ChatGPT bắt đầu chèn quảng cáo, OpenAI cam kết 'né' chủ đề nhạy cảm - Tuổi Trẻ",MARKET SIGNALS,MARKET SIGNALS,MARKET SIGNALS,MARKET SIGNALS
Những điểm gây khó chịu khi sử dụng Google Gemini - Thanh Niên,SOLUTIONS & USE CASES,MARKET SIGNALS,MARKET SIGNALS,MARKET SIGNALS
Google Gemini tung tính năng 'gia sư' mới đáng giá cho sinh viên - Baotayninh.vn,SOLUTIONS & USE CASES,MARKET SIGNALS,MARKET SIGNALS,MARKET SIGNALS
So sánh Gemini vs ChatGPT: Nên sử dụng chatbox nào - Thegioididong.com,SOLUTIONS & USE CASES,SOLUTIONS & USE CASES,SOLUTIONS & USE CASES,SOLUTIONS & USE CASES
Cuộc đua giành “ngôi vương” trên thị trường chatbot AI ngày càng gay cấn - Báo Dân trí,MARKET SIGNALS,MARKET SIGNALS,MARKET SIGNALS,MARKET SIGNALS
Người dùng ChatGPT miễn phí bị 'ép' dùng mô hình rẻ tiền nhất - Thanh Niên,MARKET SIGNALS,MARKET SIGNALS,MARKET SIGNALS,MARKET SIGNALS
Gemini 3 xuất hiện với loạt nâng cấp khiến giới AI dậy sóng - VOV,MARKET SIGNALS,MARKET SIGNALS,MARKET SIGNALS,MARKET SIGNALS
"Google nâng cấp AI Overviews với Gemini 3, hỗ trợ hội thoại liền mạch trên Search - MMOSITE.vn",MARKET SIGNALS,SOLUTIONS & USE CASES,MARKET SIGNALS,MARKET SIGNALS
Hơn 40 triệu người dùng ChatGPT để 'khám bệnh' mỗi ngày - Thanh Niên,MARKET SIGNALS,MARKET SIGNALS,MARKET SIGNALS,MARKET SIGNALS
ChatGPT bị kiện góp phần gây ra các vụ tự tử và hoang tưởng - Thanh Niên,MARKET SIGNALS,MARKET SIGNALS,MARKET SIGNALS,MARKET SIGNALS
"Tin “ảo giác” ChatGPT, người đàn ông tái phát loạn thần - Báo Tri thức và Cuộc sống",NOISE,MARKET SIGNALS,MARKET SIGNALS,MARKET SIGNALS
3 cách giúp ChatGPT trả lời chính xác hơn - Thanh Niên,SOLUTIONS & USE CASES,SOLUTIONS & USE CASES,SOLUTIONS & USE CASES,MARKET SIGNALS
Google ra Gemini 3 - mô hình AI có khả năng đọc hiểu tình huống - VnExpress,MARKET SIGNALS,MARKET SIGNALS,MARKET SIGNALS,MARKET SIGNALS
"ChatGPT cũng 'khoe' Wrapped, nhìn lại một năm bạn dùng AI - Tuổi Trẻ",MARKET SIGNALS,MARKET SIGNALS,MARKET SIGNALS,MARKET SIGNALS
"Google ra Gemini 3 Flash tốc độ nhanh, chi phí rẻ - VnExpress",MARKET SIGNALS,MARKET SIGNALS,MARKET SIGNALS,MARKET SIGNALS
Siêu thỏa thuận 100 tỷ USD giữa NVIDIA và OpenAI đổ vỡ - Vietpress.vn,NOISE,NOISE,NOISE,NOISE
"Nhiều người trẻ tự tử nghi do ChatGPT xúi giục, OpenAI bị kiện hàng loạt - Tuổi Trẻ",MARKET SIGNALS,MARKET SIGNALS,MARKET SIGNALS,MARKET SIGNALS
"Google khiến OpenAI bật ""Báo động Đỏ"", khi ChatGPT mất 12 triệu người dùng từ lúc Gemini 3 ra mắt - CafeF",MARKET SIGNALS,MARKET SIGNALS,MARKET SIGNALS,MARKET SIGNALS
"Đối thủ liên tục nâng cấp các mô hình AI, OpenAI ngày càng gặp áp lực cạnh tranh lớn - VnEconomy",MARKET SIGNALS,MARKET SIGNALS,MARKET SIGNALS,MARKET SIGNALS
"Sự thật việc Apple chọn Google Gemini thay vì ChatGPT: Hóa ra là bị OpenAI nói ""Không"" - CafeF",MARKET SIGNALS,MARKET SIGNALS,MARKET SIGNALS,MARKET SIGNALS
Gemini 3 Pro và Nano Banana Pro đồng loạt 'bóp' tính năng - Thanh Niên,MARKET SIGNALS,MARKET SIGNALS,MARKET SIGNALS,MARKET SIGNALS
ChatGPT đạt điểm tuyệt đối 9/15 môn trong kỳ thi đầu vào đại học Nhật Bản - Tuổi Trẻ,MARKET SIGNALS,MARKET SIGNALS,MARKET SIGNALS,MARKET SIGNALS
